0.304, 0.000, 0.022, 303.532, 0.044, 0.300, -0.000, 0.022, 300.000, -0.002, 299.989, -0.002
0.596, 0.000, 0.022, 292.054, 0.042, 0.600, -0.000, 0.022, 300.000, -0.007, 300.013, -0.007
0.874, 0.000, 0.022, 278.025, 0.040, 0.900, -0.000, 0.022, 300.000, -0.015, 300.079, -0.015
1.141, 0.000, 0.022, 267.822, 0.044, 1.200, -0.000, 0.022, 300.000, -0.027, 300.176, -0.027
1.395, 0.000, 0.022, 253.794, 0.055, 1.500, -0.000, 0.022, 300.000, -0.042, 300.314, -0.042
1.654, 0.000, 0.022, 258.895, 0.072, 1.800, -0.000, 0.022, 300.000, -0.061, 300.437, -0.061
1.900, 0.000, 0.022, 246.141, 0.094, 2.100, -0.000, 0.022, 300.000, -0.083, 300.599, -0.083
2.150, 0.000, 0.022, 249.968, 0.097, 2.400, -0.000, 0.022, 300.000, -0.108, 300.749, -0.108
2.396, 0.001, 0.023, 246.141, 0.103, 2.700, -0.000, 0.022, 300.000, -0.137, 300.910, -0.137
2.634, 0.001, 0.023, 237.214, 0.124, 3.000, -0.000, 0.021, 300.000, -0.169, 301.099, -0.169
2.886, 0.001, 0.023, 252.518, 0.144, 3.300, -0.001, 0.021, 300.000, -0.202, 301.241, -0.202
3.155, 0.001, 0.023, 269.098, 0.135, 3.600, -0.001, 0.021, 300.000, -0.235, 301.333, -0.235
3.438, 0.001, 0.023, 283.126, 0.093, 3.900, -0.001, 0.021, 300.000, -0.268, 301.384, -0.268
3.725, 0.002, 0.023, 286.952, -0.016, 4.200, -0.002, 0.020, 300.000, -0.301, 301.423, -0.301
4.030, 0.002, 0.023, 304.807, -0.128, 4.500, -0.002, 0.020, 300.000, -0.334, 301.408, -0.335
4.334, 0.002, 0.023, 303.532, -0.261, 4.800, -0.003, 0.020, 300.000, -0.367, 301.397, -0.368
4.646, 0.003, 0.022, 312.459, -0.376, 5.100, -0.003, 0.019, 300.000, -0.400, 301.360, -0.401
4.932, 0.003, 0.022, 285.677, -0.470, 5.400, -0.004, 0.019, 300.000, -0.433, 301.403, -0.434
5.215, 0.002, 0.022, 283.126, -0.272, 5.700, -0.005, 0.019, 300.000, -0.466, 301.453, -0.467
5.480, 0.002, 0.021, 265.272, -0.571, 6.000, -0.006, 0.018, 300.000, -0.499, 301.557, -0.500
5.744, 0.002, 0.021, 263.996, -0.567, 6.300, -0.008, 0.018, 300.000, -0.532, 301.665, -0.532
6.008, 0.001, 0.020, 263.996, -0.553, 6.600, -0.009, 0.017, 300.000, -0.564, 301.773, -0.565
6.276, 0.001, 0.020, 267.822, -0.552, 6.900, -0.011, 0.016, 300.000, -0.597, 301.870, -0.598
6.553, 0.000, 0.019, 276.750, -0.561, 7.200, -0.012, 0.016, 300.000, -0.630, 301.939, -0.631
6.835, -0.001, 0.018, 281.851, -0.587, 7.500, -0.014, 0.015, 300.000, -0.663, 301.994, -0.664
7.116, -0.002, 0.018, 281.851, -0.619, 7.800, -0.016, 0.014, 300.000, -0.696, 302.048, -0.697
7.400, -0.003, 0.017, 283.126, -0.620, 8.100, -0.019, 0.014, 300.000, -0.729, 302.098, -0.730
7.685, -0.005, 0.017, 285.677, -0.596, 8.400, -0.021, 0.013, 300.000, -0.762, 302.141, -0.763
7.972, -0.007, 0.016, 286.952, -0.564, 8.700, -0.024, 0.012, 300.000, -0.795, 302.180, -0.796
8.258, -0.009, 0.015, 285.677, -0.547, 9.000, -0.027, 0.011, 300.000, -0.828, 302.223, -0.830
8.538, -0.011, 0.015, 280.576, -0.563, 9.300, -0.030, 0.011, 300.000, -0.861, 302.281, -0.863
8.824, -0.013, 0.014, 285.677, -0.602, 9.600, -0.034, 0.010, 300.000, -0.894, 302.323, -0.896
9.096, -0.015, 0.014, 271.648, -0.658, 9.900, -0.038, 0.009, 300.000, -0.927, 302.408, -0.929
9.362, -0.017, 0.013, 266.547, -0.720, 10.200, -0.042, 0.008, 300.000, -0.960, 302.508, -0.962
9.619, -0.020, 0.012, 256.344, -0.778, 10.500, -0.046, 0.007, 300.000, -0.993, 302.638, -0.995
9.880, -0.023, 0.011, 261.446, -0.824, 10.800, -0.051, 0.006, 300.000, -1.026, 302.753, -1.028
10.143, -0.026, 0.011, 262.721, -0.866, 11.100, -0.056, 0.005, 300.000, -1.059, 302.865, -1.061
10.414, -0.029, 0.010, 271.648, -0.902, 11.400, -0.061, 0.004, 300.000, -1.092, 302.949, -1.094
10.682, -0.032, 0.009, 267.822, -0.938, 11.700, -0.067, 0.003, 300.000, -1.125, 303.046, -1.127
10.952, -0.036, 0.008, 270.373, -0.995, 12.000, -0.073, 0.002, 300.000, -1.158, 303.134, -1.160
11.222, -0.040, 0.007, 269.098, -1.063, 12.299, -0.079, 0.000, 300.000, -1.191, 303.227, -1.193
11.486, -0.045, 0.006, 263.996, -1.138, 12.599, -0.086, -0.001, 300.000, -1.224, 303.334, -1.226
11.755, -0.049, 0.005, 269.098, -1.202, 12.899, -0.093, -0.002, 300.000, -1.257, 303.427, -1.259
12.013, -0.054, 0.003, 258.895, -1.224, 13.199, -0.100, -0.003, 300.000, -1.290, 303.550, -1.292
12.277, -0.059, 0.002, 263.996, -1.212, 13.499, -0.108, -0.005, 300.000, -1.323, 303.658, -1.325
12.541, -0.065, 0.001, 263.996, -1.195, 13.799, -0.116, -0.006, 300.000, -1.356, 303.766, -1.358
12.810, -0.071, -0.000, 269.098, -1.203, 14.099, -0.125, -0.007, 300.000, -1.389, 303.858, -1.391
13.068, -0.077, -0.001, 257.620, -1.235, 14.399, -0.134, -0.009, 300.000, -1.422, 303.985, -1.424
13.333, -0.083, -0.003, 265.272, -1.268, 14.699, -0.143, -0.010, 300.000, -1.455, 304.089, -1.457
13.600, -0.090, -0.004, 266.547, -1.284, 14.998, -0.153, -0.012, 300.000, -1.488, 304.189, -1.490
13.872, -0.098, -0.005, 272.924, -1.297, 15.298, -0.164, -0.013, 300.000, -1.521, 304.269, -1.523
14.139, -0.105, -0.007, 266.547, -1.328, 15.598, -0.174, -0.015, 300.000, -1.554, 304.369, -1.556
14.404, -0.113, -0.008, 265.272, -1.373, 15.898, -0.186, -0.016, 300.000, -1.587, 304.473, -1.589
14.663, -0.121, -0.009, 258.895, -1.437, 16.198, -0.197, -0.018, 300.000, -1.620, 304.596, -1.622
14.930, -0.130, -0.011, 267.822, -1.510, 16.497, -0.210, -0.020, 300.000, -1.653, 304.692, -1.655
15.183, -0.139, -0.012, 252.518, -1.585, 16.797, -0.222, -0.021, 300.000, -1.686, 304.834, -1.688
15.440, -0.148, -0.014, 257.620, -1.641, 17.097, -0.235, -0.023, 300.000, -1.719, 304.961, -1.721
15.698, -0.158, -0.016, 257.620, -1.696, 17.397, -0.249, -0.025, 300.000, -1.752, 305.088, -1.754
15.965, -0.168, -0.017, 267.822, -1.710, 17.696, -0.263, -0.026, 300.000, -1.785, 305.185, -1.787
16.218, -0.179, -0.019, 252.518, -1.707, 17.996, -0.278, -0.028, 300.000, -1.817, 305.327, -1.820
16.474, -0.190, -0.021, 256.344, -1.697, 18.295, -0.294, -0.030, 300.000, -1.850, 305.458, -1.853
16.732, -0.201, -0.022, 258.895, -1.690, 18.595, -0.309, -0.032, 300.000, -1.883, 305.580, -1.886
16.991, -0.213, -0.024, 258.895, -1.668, 18.895, -0.326, -0.034, 300.000, -1.916, 305.703, -1.919
17.244, -0.225, -0.026, 253.794, -1.674, 19.194, -0.343, -0.036, 300.000, -1.949, 305.841, -1.952
17.498, -0.238, -0.028, 253.794, -1.720, 19.494, -0.361, -0.038, 300.000, -1.982, 305.979, -1.985
17.758, -0.251, -0.029, 260.170, -1.802, 19.793, -0.379, -0.040, 300.000, -2.015, 306.098, -2.019
18.021, -0.265, -0.031, 263.996, -1.906, 20.092, -0.398, -0.042, 300.000, -2.048, 306.205, -2.052
18.277, -0.279, -0.033, 256.344, -2.023, 20.392, -0.417, -0.044, 300.000, -2.081, 306.336, -2.085
18.542, -0.294, -0.035, 265.272, -2.120, 20.691, -0.437, -0.046, 300.000, -2.114, 306.440, -2.118
18.798, -0.310, -0.037, 256.344, -2.224, 20.990, -0.458, -0.048, 300.000, -2.147, 306.572, -2.150
19.056, -0.326, -0.040, 258.895, -2.298, 21.290, -0.479, -0.050, 300.000, -2.180, 306.696, -2.183
19.311, -0.342, -0.042, 255.069, -2.326, 21.589, -0.501, -0.052, 300.000, -2.213, 306.831, -2.216
19.576, -0.359, -0.044, 265.272, -2.293, 21.888, -0.524, -0.055, 300.000, -2.246, 306.935, -2.249
19.833, -0.377, -0.046, 257.620, -2.234, 22.187, -0.547, -0.057, 300.000, -2.279, 307.063, -2.282
20.092, -0.395, -0.049, 260.170, -2.196, 22.486, -0.571, -0.059, 300.000, -2.312, 307.182, -2.315
20.345, -0.414, -0.051, 253.794, -2.175, 22.785, -0.596, -0.062, 300.000, -2.345, 307.320, -2.348
20.614, -0.434, -0.053, 269.098, -2.184, 23.084, -0.621, -0.064, 300.000, -2.378, 307.413, -2.381
20.874, -0.454, -0.055, 261.446, -2.213, 23.383, -0.647, -0.066, 300.000, -2.411, 307.528, -2.414
21.129, -0.475, -0.058, 255.069, -2.247, 23.682, -0.674, -0.069, 300.000, -2.444, 307.662, -2.447
21.385, -0.496, -0.060, 257.620, -2.296, 23.980, -0.701, -0.071, 300.000, -2.477, 307.789, -2.480
21.645, -0.517, -0.062, 260.170, -2.357, 24.279, -0.730, -0.074, 300.000, -2.510, 307.907, -2.513
21.900, -0.540, -0.064, 256.344, -2.415, 24.578, -0.759, -0.076, 300.000, -2.543, 308.038, -2.546
22.154, -0.562, -0.067, 255.069, -2.455, 24.876, -0.788, -0.079, 300.000, -2.576, 308.172, -2.579
22.411, -0.586, -0.069, 257.620, -2.490, 25.175, -0.819, -0.081, 300.000, -2.609, 308.299, -2.612
22.677, -0.611, -0.072, 267.822, -2.514, 25.473, -0.850, -0.084, 300.000, -2.642, 308.395, -2.645
22.943, -0.636, -0.074, 266.547, -2.553, 25.771, -0.883, -0.087, 300.000, -2.675, 308.495, -2.678
23.207, -0.663, -0.077, 265.272, -2.599, 26.069, -0.915, -0.089, 300.000, -2.708, 308.599, -2.711
23.472, -0.690, -0.080, 266.547, -2.647, 26.368, -0.949, -0.092, 300.000, -2.741, 308.699, -2.744
23.742, -0.718, -0.082, 271.648, -2.426, 26.666, -0.984, -0.095, 300.000, -2.774, 308.783, -2.778
24.011, -0.747, -0.085, 270.373, -2.728, 26.963, -1.019, -0.098, 300.000, -2.807, 308.871, -2.811
24.277, -0.776, -0.088, 267.822, -2.789, 27.261, -1.055, -0.100, 300.000, -2.840, 308.967, -2.844
24.551, -0.807, -0.090, 275.474, -2.847, 27.559, -1.092, -0.103, 300.000, -2.873, 309.040, -2.877
24.817, -0.838, -0.093, 267.822, -2.937, 27.857, -1.130, -0.106, 300.000, -2.906, 309.136, -2.910
25.089, -0.870, -0.096, 274.199, -3.016, 28.154, -1.169, -0.109, 300.000, -2.939, 309.214, -2.942
25.359, -0.903, -0.099, 271.648, -3.094, 28.451, -1.209, -0.112, 300.000, -2.972, 309.299, -2.975
25.623, -0.936, -0.102, 266.547, -3.156, 28.749, -1.249, -0.115, 300.000, -3.005, 309.399, -3.008
25.895, -0.971, -0.106, 274.199, -3.190, 29.046, -1.291, -0.118, 300.000, -3.038, 309.477, -3.041
26.173, -1.007, -0.109, 280.576, -3.211, 29.343, -1.333, -0.121, 300.000, -3.070, 309.535, -3.074
26.448, -1.044, -0.112, 276.750, -3.209, 29.640, -1.376, -0.124, 300.000, -3.103, 309.605, -3.107
26.715, -1.081, -0.115, 270.373, -3.190, 29.936, -1.420, -0.127, 300.000, -3.136, 309.693, -3.140
26.982, -1.119, -0.118, 269.098, -3.179, 30.233, -1.465, -0.130, 300.000, -3.169, 309.786, -3.173
27.243, -1.157, -0.122, 263.996, -3.174, 30.529, -1.511, -0.134, 300.000, -3.202, 309.893, -3.206
27.512, -1.196, -0.125, 271.648, -3.170, 30.826, -1.558, -0.137, 300.000, -3.235, 309.977, -3.239
27.783, -1.237, -0.128, 274.199, -3.165, 31.122, -1.606, -0.140, 300.000, -3.268, 310.053, -3.272
28.054, -1.279, -0.131, 274.199, -3.162, 31.418, -1.655, -0.143, 300.000, -3.301, 310.129, -3.305
28.310, -1.319, -0.134, 258.895, -3.169, 31.714, -1.705, -0.147, 300.000, -3.334, 310.251, -3.338
28.578, -1.362, -0.137, 271.648, -3.182, 32.009, -1.756, -0.150, 300.000, -3.367, 310.334, -3.371
28.856, -1.408, -0.141, 281.851, -3.223, 32.305, -1.808, -0.153, 300.000, -3.400, 310.387, -3.404
29.130, -1.454, -0.144, 278.025, -3.276, 32.600, -1.861, -0.157, 300.000, -3.433, 310.451, -3.437
29.403, -1.500, -0.147, 276.750, -3.328, 32.895, -1.915, -0.160, 300.000, -3.466, 310.519, -3.470
29.666, -1.546, -0.150, 266.547, -3.375, 33.190, -1.970, -0.164, 300.000, -3.499, 310.617, -3.503
29.936, -1.594, -0.154, 274.199, -3.460, 33.485, -2.025, -0.167, 300.000, -3.532, 310.693, -3.536
30.212, -1.644, -0.157, 280.576, -3.536, 33.779, -2.082, -0.171, 300.000, -3.565, 310.749, -3.569
30.484, -1.695, -0.161, 276.750, -3.627, 34.074, -2.140, -0.174, 300.000, -3.598, 310.817, -3.602
30.758, -1.746, -0.165, 279.300, -3.713, 34.368, -2.200, -0.178, 300.000, -3.631, 310.878, -3.635
31.029, -1.798, -0.168, 275.474, -3.787, 34.662, -2.260, -0.182, 300.000, -3.664, 310.950, -3.668
31.297, -1.851, -0.172, 272.924, -3.837, 34.956, -2.321, -0.185, 300.000, -3.697, 311.029, -3.701
31.571, -1.906, -0.176, 279.300, -3.861, 35.249, -2.383, -0.189, 300.000, -3.730, 311.090, -3.734
31.842, -1.962, -0.180, 276.750, -3.871, 35.542, -2.447, -0.193, 300.000, -3.763, 311.158, -3.767
32.113, -2.018, -0.184, 276.750, -3.873, 35.835, -2.511, -0.197, 300.000, -3.796, 311.225, -3.800
32.386, -2.076, -0.188, 279.300, -3.888, 36.128, -2.577, -0.200, 300.000, -3.829, 311.285, -3.833
32.655, -2.135, -0.192, 275.474, -3.881, 36.420, -2.644, -0.204, 300.000, -3.862, 311.356, -3.865
32.930, -2.195, -0.195, 281.851, -3.874, 36.713, -2.711, -0.208, 300.000, -3.895, 311.407, -3.898
33.204, -2.257, -0.199, 280.576, -3.858, 37.005, -2.780, -0.212, 300.000, -3.928, 311.463, -3.931
33.475, -2.319, -0.203, 278.025, -3.841, 37.296, -2.851, -0.216, 300.000, -3.961, 311.525, -3.964
33.751, -2.383, -0.207, 283.126, -3.845, 37.588, -2.922, -0.220, 300.000, -3.994, 311.572, -3.997
34.024, -2.448, -0.211, 280.576, -3.865, 37.879, -2.994, -0.224, 300.000, -4.027, 311.626, -4.030
34.291, -2.513, -0.215, 275.474, -3.891, 38.170, -3.068, -0.228, 300.000, -4.060, 311.695, -4.063
34.566, -2.580, -0.219, 283.126, -3.928, 38.460, -3.143, -0.232, 300.000, -4.093, 311.742, -4.096
34.842, -2.649, -0.223, 284.402, -3.996, 38.750, -3.219, -0.236, 300.000, -4.126, 311.784, -4.129
35.125, -2.721, -0.227, 292.054, -4.075, 39.040, -3.296, -0.240, 300.000, -4.159, 311.803, -4.162
35.401, -2.792, -0.231, 284.402, -4.162, 39.330, -3.374, -0.245, 300.000, -4.192, 311.845, -4.195
35.678, -2.865, -0.235, 286.952, -4.242, 39.619, -3.454, -0.249, 300.000, -4.225, 311.880, -4.228
35.963, -2.941, -0.239, 294.605, -4.342, 39.908, -3.535, -0.253, 300.000, -4.258, 311.892, -4.261
36.262, -3.022, -0.244, 309.909, -4.421, 40.196, -3.617, -0.257, 300.000, -4.291, 311.857, -4.294
36.541, -3.099, -0.248, 289.503, -4.500, 40.485, -3.700, -0.262, 300.000, -4.323, 311.884, -4.327
36.820, -3.178, -0.253, 289.503, -4.557, 40.772, -3.785, -0.266, 300.000, -4.356, 311.910, -4.360
37.110, -3.261, -0.257, 302.257, -4.621, 41.060, -3.871, -0.270, 300.000, -4.389, 311.899, -4.393
37.393, -3.344, -0.262, 294.605, -4.643, 41.347, -3.958, -0.275, 300.000, -4.422, 311.910, -4.426
37.683, -3.430, -0.266, 302.257, -4.678, 41.634, -4.046, -0.279, 300.000, -4.455, 311.897, -4.459
37.962, -3.514, -0.271, 292.054, -4.679, 41.920, -4.136, -0.284, 300.000, -4.488, 311.915, -4.492
38.244, -3.601, -0.276, 294.605, -4.665, 42.206, -4.227, -0.288, 300.000, -4.521, 311.925, -4.525
38.528, -3.689, -0.280, 297.155, -4.639, 42.491, -4.319, -0.293, 300.000, -4.554, 311.927, -4.558
38.801, -3.776, -0.285, 286.952, -4.605, 42.776, -4.412, -0.297, 300.000, -4.587, 311.959, -4.590
39.074, -3.864, -0.290, 286.952, -4.549, 43.061, -4.507, -0.302, 300.000, -4.620, 311.991, -4.623
39.357, -3.956, -0.294, 297.155, -4.488, 43.345, -4.603, -0.306, 300.000, -4.653, 311.992, -4.656
39.635, -4.049, -0.299, 293.329, -4.434, 43.629, -4.701, -0.311, 300.000, -4.686, 312.003, -4.689
39.907, -4.140, -0.303, 286.952, -4.417, 43.912, -4.800, -0.316, 300.000, -4.719, 312.034, -4.722
40.182, -4.234, -0.307, 290.779, -4.403, 44.195, -4.900, -0.321, 300.000, -4.752, 312.052, -4.756
40.451, -4.328, -0.312, 284.402, -4.435, 44.477, -5.001, -0.325, 300.000, -4.785, 312.090, -4.789
40.724, -4.424, -0.316, 289.503, -4.508, 44.759, -5.104, -0.330, 300.000, -4.818, 312.111, -4.822
40.993, -4.520, -0.321, 285.677, -4.593, 45.041, -5.208, -0.335, 300.000, -4.851, 312.144, -4.855
41.268, -4.619, -0.326, 292.054, -4.705, 45.321, -5.314, -0.340, 300.000, -4.884, 312.158, -4.888
41.548, -4.722, -0.330, 298.431, -4.818, 45.602, -5.420, -0.345, 300.000, -4.917, 312.153, -4.921
41.827, -4.827, -0.335, 298.431, -4.971, 45.882, -5.529, -0.350, 300.000, -4.950, 312.147, -4.954
42.104, -4.931, -0.340, 295.880, -5.129, 46.161, -5.638, -0.355, 300.000, -4.983, 312.149, -4.987
42.387, -5.040, -0.345, 303.532, -5.269, 46.439, -5.749, -0.360, 300.000, -5.016, 312.128, -5.020
42.669, -5.150, -0.351, 302.257, -5.128, 46.718, -5.862, -0.365, 300.000, -5.049, 312.111, -5.052
42.957, -5.265, -0.356, 309.909, -5.479, 46.995, -5.976, -0.370, 300.000, -5.082, 312.070, -5.085
43.226, -5.374, -0.361, 290.779, -5.515, 47.272, -6.091, -0.375, 300.000, -5.115, 312.087, -5.118
43.505, -5.488, -0.367, 300.981, -5.510, 47.549, -6.208, -0.380, 300.000, -5.148, 312.072, -5.151
43.778, -5.602, -0.373, 295.880, -5.489, 47.824, -6.326, -0.385, 300.000, -5.181, 312.073, -5.184
44.048, -5.716, -0.378, 293.329, -5.441, 48.099, -6.445, -0.390, 300.000, -5.214, 312.080, -5.217
44.306, -5.826, -0.383, 280.576, -5.394, 48.374, -6.566, -0.396, 300.000, -5.247, 312.125, -5.250
44.570, -5.941, -0.389, 288.228, -5.343, 48.648, -6.688, -0.401, 300.000, -5.280, 312.147, -5.283
44.827, -6.055, -0.394, 280.576, -5.327, 48.921, -6.812, -0.406, 300.000, -5.313, 312.192, -5.316
45.091, -6.173, -0.399, 289.503, -5.305, 49.194, -6.938, -0.411, 300.000, -5.346, 312.209, -5.348
45.355, -6.293, -0.405, 289.503, -5.304, 49.466, -7.064, -0.417, 300.000, -5.379, 312.225, -5.381
45.626, -6.418, -0.410, 298.431, -5.309, 49.737, -7.192, -0.422, 300.000, -5.412, 312.215, -5.414
45.898, -6.545, -0.415, 300.981, -5.339, 50.007, -7.322, -0.428, 300.000, -5.445, 312.196, -5.447
46.162, -6.671, -0.421, 292.054, -5.382, 50.277, -7.453, -0.433, 300.000, -5.478, 312.204, -5.480
46.429, -6.799, -0.426, 295.880, -5.417, 50.546, -7.586, -0.439, 300.000, -5.511, 312.200, -5.513
46.702, -6.932, -0.432, 303.532, -5.429, 50.815, -7.720, -0.444, 300.000, -5.544, 312.173, -5.546
46.973, -7.066, -0.437, 302.257, -5.463, 51.082, -7.855, -0.450, 300.000, -5.576, 312.149, -5.579
47.235, -7.197, -0.442, 293.329, -5.502, 51.349, -7.993, -0.455, 300.000, -5.609, 312.151, -5.612
47.498, -7.330, -0.448, 294.605, -5.547, 51.615, -8.131, -0.461, 300.000, -5.642, 312.149, -5.645
47.763, -7.467, -0.454, 298.431, -5.567, 51.881, -8.271, -0.467, 300.000, -5.675, 312.135, -5.678
48.037, -7.610, -0.459, 308.633, -5.590, 52.145, -8.413, -0.472, 300.000, -5.708, 312.090, -5.711
48.297, -7.748, -0.465, 294.605, -5.614, 52.409, -8.556, -0.478, 300.000, -5.741, 312.087, -5.744
48.560, -7.889, -0.470, 298.431, -5.633, 52.672, -8.700, -0.484, 300.000, -5.774, 312.072, -5.777
48.821, -8.031, -0.476, 297.155, -5.711, 52.934, -8.846, -0.490, 300.000, -5.807, 312.060, -5.810
49.085, -8.176, -0.482, 300.981, -5.783, 53.195, -8.994, -0.495, 300.000, -5.840, 312.036, -5.843
49.353, -8.326, -0.488, 307.358, -5.861, 53.455, -9.143, -0.501, 300.000, -5.873, 311.993, -5.876
49.629, -8.482, -0.493, 317.561, -5.924, 53.715, -9.294, -0.507, 300.000, -5.906, 311.919, -5.909
49.912, -8.645, -0.499, 326.488, -6.013, 53.973, -9.446, -0.513, 300.000, -5.939, 311.817, -5.942
50.184, -8.803, -0.505, 313.735, -6.081, 54.231, -9.600, -0.519, 300.000, -5.972, 311.753, -5.975
50.454, -8.963, -0.512, 313.735, -6.154, 54.487, -9.755, -0.525, 300.000, -6.005, 311.689, -6.008
50.712, -9.117, -0.518, 300.981, -6.225, 54.743, -9.912, -0.531, 300.000, -6.038, 311.662, -6.041
50.961, -9.269, -0.524, 292.054, -6.330, 54.998, -10.070, -0.537, 300.000, -6.071, 311.662, -6.074
51.213, -9.424, -0.530, 295.880, -6.445, 55.252, -10.230, -0.543, 300.000, -6.104, 311.650, -6.107
51.447, -9.570, -0.537, 275.474, -6.548, 55.505, -10.391, -0.549, 300.000, -6.137, 311.698, -6.139
51.681, -9.719, -0.544, 276.750, -6.595, 55.757, -10.554, -0.555, 300.000, -6.170, 311.742, -6.172
51.927, -9.877, -0.550, 293.329, -6.659, 56.007, -10.719, -0.562, 300.000, -6.203, 311.735, -6.205
52.173, -10.038, -0.557, 293.329, -6.672, 56.257, -10.885, -0.568, 300.000, -6.236, 311.728, -6.238
52.428, -10.207, -0.563, 306.083, -6.628, 56.506, -11.053, -0.574, 300.000, -6.269, 311.682, -6.271
52.674, -10.373, -0.570, 297.155, -6.560, 56.754, -11.222, -0.580, 300.000, -6.301, 311.662, -6.303
52.916, -10.537, -0.577, 292.054, -6.487, 57.001, -11.393, -0.587, 300.000, -6.330, 311.657, -6.331
53.154, -10.702, -0.583, 289.503, -6.425, 57.246, -11.565, -0.593, 300.000, -6.355, 311.659, -6.356
53.395, -10.871, -0.589, 294.605, -6.384, 57.491, -11.739, -0.599, 300.000, -6.377, 311.645, -6.378
53.634, -11.041, -0.596, 293.329, -6.345, 57.734, -11.914, -0.606, 300.000, -6.395, 311.635, -6.397
53.863, -11.206, -0.602, 281.851, -6.316, 57.976, -12.091, -0.612, 300.000, -6.410, 311.659, -6.412
54.094, -11.374, -0.608, 285.677, -6.282, 58.217, -12.270, -0.619, 300.000, -6.422, 311.671, -6.424
54.331, -11.549, -0.615, 294.605, -6.274, 58.457, -12.450, -0.625, 300.000, -6.430, 311.656, -6.432
54.563, -11.724, -0.621, 290.779, -6.292, 58.696, -12.631, -0.631, 300.000, -6.435, 311.652, -6.437
54.797, -11.901, -0.627, 293.329, -6.312, 58.934, -12.815, -0.638, 300.000, -6.437, 311.639, -6.439
55.029, -12.080, -0.634, 293.329, -6.383, 59.170, -12.999, -0.644, 300.000, -6.437, 311.627, -6.439
55.253, -12.254, -0.640, 283.126, -6.456, 59.405, -13.185, -0.651, 300.000, -6.437, 311.644, -6.439
55.474, -12.429, -0.647, 281.851, -6.551, 59.639, -13.373, -0.657, 300.000, -6.437, 311.664, -6.439
55.704, -12.613, -0.653, 294.605, -6.606, 59.872, -13.562, -0.664, 300.000, -6.437, 311.646, -6.439
55.930, -12.796, -0.660, 290.779, -6.673, 60.104, -13.753, -0.670, 300.000, -6.437, 311.638, -6.439
56.156, -12.982, -0.666, 293.329, -6.729, 60.334, -13.945, -0.677, 300.000, -6.437, 311.622, -6.438
56.382, -13.171, -0.673, 294.605, -6.759, 60.563, -14.139, -0.683, 300.000, -6.437, 311.602, -6.438
56.601, -13.356, -0.680, 286.953, -6.767, 60.791, -14.334, -0.689, 300.000, -6.437, 311.604, -6.438
56.823, -13.546, -0.687, 292.054, -6.746, 61.018, -14.531, -0.696, 300.000, -6.437, 311.590, -6.438
57.039, -13.734, -0.693, 285.677, -6.703, 61.243, -14.729, -0.702, 300.000, -6.437, 311.596, -6.438
57.260, -13.928, -0.700, 294.605, -6.639, 61.467, -14.928, -0.709, 300.000, -6.437, 311.573, -6.43
57.913, -14.519, -0.720, 290.779, -6.482, 62.132, -15.535, -0.728, 300.000, -6.437, 311.517, -6.438
58.126, -14.717, -0.726, 290.779, -6.424, 62.350, -15.740, -0.734, 300.000, -6.437, 311.505, -6.438
58.346, -14.924, -0.733, 302.257, -6.342, 62.568, -15.947, -0.741, 300.000, -6.437, 311.459, -6.438
58.548, -15.116, -0.739, 279.300, -6.266, 62.784, -16.155, -0.747, 300.000, -6.437, 311.481, -6.438
58.750, -15.311, -0.745, 280.576, -6.161, 62.999, -16.364, -0.754, 300.000, -6.437, 311.500, -6.438
58.946, -15.502, -0.751, 274.199, -6.074, 63.212, -16.575, -0.760, 300.000, -6.437, 311.537, -6.438
59.146, -15.700, -0.757, 280.576, -5.989, 63.425, -16.787, -0.767, 300.000, -6.437, 311.556, -6.438
59.340, -15.893, -0.763, 274.199, -5.909, 63.635, -17.001, -0.773, 300.000, -6.437, 311.593, -6.438
59.539, -16.095, -0.769, 283.126, -5.860, 63.845, -17.216, -0.780, 300.000, -6.437, 311.603, -6.438
59.742, -16.303, -0.775, 290.779, -5.868, 64.053, -17.432, -0.786, 300.000, -6.437, 311.590, -6.438
59.947, -16.515, -0.781, 294.605, -5.920, 64.259, -17.649, -0.792, 300.000, -6.437, 311.565, -6.438
60.148, -16.725, -0.787, 290.779, -6.009, 64.465, -17.868, -0.799, 300.000, -6.437, 311.551, -6.439
60.356, -16.946, -0.793, 303.532, -6.110, 64.668, -18.088, -0.805, 300.000, -6.437, 311.497, -6.439
60.563, -17.169, -0.799, 304.807, -6.243, 64.871, -18.310, -0.812, 300.000, -6.437, 311.440, -6.439
60.763, -17.386, -0.805, 294.605, -6.409, 65.072, -18.532, -0.818, 300.000, -6.437, 311.411, -6.439
60.969, -17.613, -0.812, 306.083, -6.580, 65.271, -18.757, -0.825, 300.000, -6.437, 311.348, -6.439
61.175, -17.843, -0.818, 309.909, -6.472, 65.469, -18.982, -0.831, 300.000, -6.437, 311.272, -6.439
61.378, -18.073, -0.825, 306.083, -6.876, 65.666, -19.208, -0.837, 300.000, -6.437, 311.207, -6.439
61.582, -18.307, -0.832, 309.909, -6.962, 65.861, -19.436, -0.844, 300.000, -6.437, 311.129, -6.438
61.783, -18.542, -0.839, 309.909, -7.002, 66.055, -19.665, -0.850, 300.000, -6.437, 311.051, -6.438
61.979, -18.772, -0.846, 302.257, -6.983, 66.247, -19.896, -0.857, 300.000, -6.437, 310.995, -6.438
62.169, -19.000, -0.853, 297.155, -6.957, 66.437, -20.127, -0.863, 300.000, -6.437, 310.953, -6.438
62.363, -19.236, -0.860, 304.807, -6.885, 66.627, -20.360, -0.870, 300.000, -6.437, 310.888, -6.438
62.556, -19.473, -0.867, 306.083, -6.776, 66.814, -20.594, -0.876, 300.000, -6.437, 310.820, -6.438
62.749, -19.714, -0.873, 308.633, -6.671, 67.000, -20.829, -0.883, 300.000, -6.437, 310.743, -6.437
62.940, -19.956, -0.880, 308.633, -6.564, 67.185, -21.066, -0.889, 300.000, -6.437, 310.667, -6.437
63.123, -20.191, -0.887, 297.155, -6.466, 67.368, -21.304, -0.895, 300.000, -6.435, 310.625, -6.436
63.307, -20.429, -0.893, 300.981, -6.346, 67.550, -21.542, -0.902, 300.000, -6.430, 310.572, -6.431
63.484, -20.663, -0.899, 293.329, -6.239, 67.730, -21.782, -0.908, 300.000, -6.422, 310.542, -6.422
63.658, -20.894, -0.905, 289.503, -6.120, 67.909, -22.023, -0.915, 300.000, -6.410, 310.524, -6.411
63.830, -21.127, -0.912, 289.503, -6.037, 68.085, -22.266, -0.921, 300.000, -6.395, 310.506, -6.396
63.993, -21.349, -0.918, 275.474, -5.959, 68.261, -22.509, -0.927, 300.000, -6.377, 310.530, -6.377
64.147, -21.563, -0.923, 263.996, -5.883, 68.435, -22.753, -0.934, 300.000, -6.355, 310.589, -6.356
64.306, -21.786, -0.929, 272.924, -5.837, 68.607, -22.999, -0.940, 300.000, -6.330, 310.621, -6.330
64.466, -22.013, -0.935, 278.025, -5.829, 68.778, -23.246, -0.946, 300.000, -6.301, 310.637, -6.302
64.624, -22.240, -0.941, 276.750, -5.868, 68.947, -23.493, -0.953, 300.000, -6.269, 310.657, -6.270
64.784, -22.474, -0.947, 283.126, -5.935, 69.115, -23.742, -0.959, 300.000, -6.236, 310.657, -6.237
64.955, -22.726, -0.953, 304.807, -6.057, 69.281, -23.992, -0.965, 300.000, -6.203, 310.591, -6.204
65.120, -22.973, -0.959, 297.155, -6.197, 69.445, -24.243, -0.971, 300.000, -6.170, 310.548, -6.171
65.283, -23.220, -0.965, 295.880, -6.324, 69.608, -24.495, -0.978, 300.000, -6.137, 310.507, -6.138
65.454, -23.482, -0.972, 312.459, -6.442, 69.770, -24.748, -0.984, 300.000, -6.104, 310.416, -6.105
65.619, -23.739, -0.978, 306.083, -6.537, 69.930, -25.001, -0.990, 300.000, -6.071, 310.344, -6.072
65.784, -24.000, -0.985, 308.633, -6.573, 70.088, -25.256, -0.996, 300.000, -6.038, 310.263, -6.039
65.950, -24.266, -0.991, 313.735, -6.571, 70.245, -25.512, -1.002, 300.000, -6.005, 310.166, -6.006
66.112, -24.529, -0.998, 308.633, -6.526, 70.400, -25.769, -1.008, 300.000, -5.972, 310.084, -5.973
66.272, -24.794, -1.004, 309.909, -6.441, 70.554, -26.026, -1.014, 300.000, -5.939, 309.999, -5.939
66.432, -25.063, -1.011, 312.459, -6.323, 70.706, -26.285, -1.020, 300.000, -5.906, 309.906, -5.906
66.593, -25.335, -1.017, 316.285, -6.455, 70.857, -26.544, -1.026, 300.000, -5.873, 309.801, -5.873
66.751, -25.609, -1.023, 316.285, -6.046, 71.006, -26.805, -1.031, 300.000, -5.840, 309.697, -5.840
66.911, -25.888, -1.029, 321.387, -6.186, 71.153, -27.066, -1.037, 300.000, -5.807, 309.578, -5.807
67.064, -26.160, -1.035, 312.459, -5.813, 71.299, -27.328, -1.043, 300.000, -5.774, 309.486, -5.774
67.214, -26.429, -1.041, 307.358, -5.705, 71.444, -27.591, -1.049, 300.000, -5.741, 309.411, -5.741
67.362, -26.699, -1.047, 308.633, -5.607, 71.587, -27.854, -1.055, 300.000, -5.708, 309.333, -5.708
67.509, -26.970, -1.052, 308.633, -5.498, 71.729, -28.119, -1.060, 300.000, -5.676, 309.255, -5.675
67.651, -27.236, -1.058, 300.981, -5.388, 71.869, -28.384, -1.066, 300.000, -5.643, 309.201, -5.642
67.790, -27.499, -1.063, 297.155, -5.305, 72.007, -28.650, -1.072, 300.000, -5.610, 309.158, -5.609
67.925, -27.758, -1.069, 292.054, -5.252, 72.144, -28.917, -1.077, 300.000, -5.577, 309.132, -5.576
68.049, -27.999, -1.074, 271.648, -5.197, 72.280, -29.185, -1.083, 300.000, -5.544, 309.166, -5.543
68.174, -28.245, -1.079, 275.474, -5.124, 72.414, -29.453, -1.088, 300.000, -5.511, 309.190, -5.511
68.302, -28.501, -1.084, 286.952, -5.087, 72.547, -29.722, -1.094, 300.000, -5.478, 309.179, -5.478
68.433, -28.764, -1.089, 293.329, -5.061, 72.678, -29.992, -1.099, 300.000, -5.445, 309.149, -5.445
68.556, -29.016, -1.094, 280.576, -5.135, 72.807, -30.262, -1.105, 300.000, -5.412, 309.157, -5.412
68.684, -29.283, -1.099, 295.880, -5.225, 72.936, -30.534, -1.110, 300.000, -5.379, 309.119, -5.379
68.820, -29.567, -1.105, 315.010, -5.321, 73.062, -30.806, -1.115, 300.000, -5.346, 309.022, -5.346
68.952, -29.850, -1.110, 312.459, -5.402, 73.188, -31.078, -1.121, 300.000, -5.313, 308.932, -5.313
69.082, -30.130, -1.115, 308.633, -5.478, 73.311, -31.351, -1.126, 300.000, -5.280, 308.854, -5.280
69.213, -30.417, -1.121, 315.010, -5.530, 73.434, -31.625, -1.131, 300.000, -5.247, 308.755, -5.247
69.342, -30.705, -1.126, 316.285, -5.554, 73.555, -31.900, -1.136, 300.000, -5.214, 308.653, -5.214
69.468, -30.990, -1.132, 311.184, -5.567, 73.674, -32.175, -1.142, 300.000, -5.181, 308.565, -5.181
69.592, -31.274, -1.138, 309.909, -5.547, 73.792, -32.451, -1.147, 300.000, -5.148, 308.481, -5.148
69.717, -31.565, -1.143, 316.285, -5.514, 73.909, -32.727, -1.152, 300.000, -5.115, 308.378, -5.115
69.838, -31.851, -1.149, 311.184, -5.435, 74.024, -33.004, -1.157, 300.000, -5.082, 308.290, -5.082
69.956, -32.133, -1.154, 304.807, -5.357, 74.138, -33.282, -1.162, 300.000, -5.049, 308.222, -5.048
70.073, -32.418, -1.159, 308.633, -5.256, 74.251, -33.560, -1.167, 300.000, -5.016, 308.143, -5.015
70.188, -32.703, -1.165, 307.358, -5.156, 74.362, -33.839, -1.172, 300.000, -4.983, 308.069, -4.982
70.301, -32.987, -1.170, 306.083, -5.039, 74.471, -34.118, -1.177, 300.000, -4.950, 307.999, -4.949
70.412, -33.270, -1.175, 303.532, -4.957, 74.580, -34.398, -1.182, 300.000, -4.917, 307.937, -4.916
70.520, -33.547, -1.180, 297.155, -4.863, 74.686, -34.678, -1.187, 300.000, -4.884, 307.896, -4.883
70.629, -33.834, -1.184, 307.358, -4.777, 74.792, -34.959, -1.192, 300.000, -4.851, 307.824, -4.850
70.738, -34.123, -1.189, 308.633, -4.685, 74.896, -35.240, -1.197, 300.000, -4.818, 307.749, -4.817
70.843, -34.408, -1.194, 303.532, -4.607, 74.999, -35.522, -1.201, 300.000, -4.785, 307.690, -4.784
70.949, -34.696, -1.198, 307.358, -4.551, 75.100, -35.804, -1.206, 300.000, -4.752, 307.619, -4.752
71.052, -34.982, -1.203, 303.532, -4.542, 75.200, -36.087, -1.211, 300.000, -4.719, 307.561, -4.719
71.155, -35.273, -1.207, 308.633, -4.562, 75.299, -36.370, -1.216, 300.000, -4.686, 307.487, -4.686
71.256, -35.562, -1.212, 306.083, -4.603, 75.397, -36.654, -1.220, 300.000, -4.653, 307.420, -4.653
71.357, -35.853, -1.217, 308.633, -4.634, 75.493, -36.938, -1.225, 300.000, -4.620, 307.346, -4.620
71.458, -36.150, -1.221, 313.735, -4.678, 75.588, -37.223, -1.230, 300.000, -4.587, 307.256, -4.587
71.556, -36.444, -1.226, 309.909, -4.691, 75.681, -37.508, -1.234, 300.000, -4.554, 307.177, -4.554
71.654, -36.741, -1.231, 312.459, -4.701, 75.773, -37.793, -1.239, 300.000, -4.521, 307.090, -4.521
71.752, -37.043, -1.235, 317.561, -4.683, 75.864, -38.079, -1.243, 300.000, -4.488, 306.988, -4.488
71.848, -37.343, -1.240, 315.010, -4.648, 75.954, -38.366, -1.248, 300.000, -4.456, 306.893, -4.455
71.942, -37.644, -1.245, 315.010, -4.596, 76.042, -38.652, -1.252, 300.000, -4.423, 306.799, -4.422
72.032, -37.934, -1.249, 303.532, -4.528, 76.129, -38.939, -1.257, 300.000, -4.390, 306.740, -4.389
72.121, -38.227, -1.254, 306.083, -4.430, 76.215, -39.227, -1.261, 300.000, -4.357, 306.674, -4.356
72.210, -38.525, -1.258, 311.184, -4.325, 76.300, -39.515, -1.265, 300.000, -4.324, 306.593, -4.323
72.299, -38.826, -1.262, 313.735, -4.240, 76.383, -39.803, -1.270, 300.000, -4.291, 306.506, -4.290
72.383, -39.117, -1.267, 303.532, -4.187, 76.465, -40.091, -1.274, 300.000, -4.258, 306.450, -4.257
72.469, -39.416, -1.271, 311.184, -4.151, 76.546, -40.380, -1.278, 300.000, -4.225, 306.371, -4.224
72.554, -39.721, -1.275, 316.285, -4.137, 76.626, -40.670, -1.282, 300.000, -4.192, 306.277, -4.191
72.637, -40.022, -1.279, 312.459, -4.137, 76.704, -40.959, -1.286, 300.000, -4.159, 306.194, -4.158
72.718, -40.319, -1.283, 307.358, -4.137, 76.781, -41.249, -1.291, 300.000, -4.126, 306.127, -4.125
72.800, -40.623, -1.287, 315.010, -4.113, 76.857, -41.539, -1.295, 300.000, -4.093, 306.037, -4.092
72.879, -40.923, -1.291, 309.909, -4.111, 76.932, -41.830, -1.299, 300.000, -4.060, 305.962, -4.059
72.957, -41.225, -1.295, 312.459, -4.081, 77.006, -42.121, -1.303, 300.000, -4.027, 305.880, -4.026
73.031, -41.517, -1.300, 300.981, -4.065, 77.078, -42.412, -1.307, 300.000, -3.994, 305.832, -3.993
73.105, -41.811, -1.304, 303.532, -4.033, 77.149, -42.703, -1.311, 300.000, -3.961, 305.777, -3.960
73.179, -42.111, -1.308, 308.633, -4.008, 77.220, -42.995, -1.315, 300.000, -3.928, 305.707, -3.927
73.253, -42.417, -1.312, 315.010, -3.985, 77.289, -43.287, -1.319, 300.000, -3.895, 305.618, -3.894
73.325, -42.720, -1.316, 311.184, -3.980, 77.357, -43.579, -1.323, 300.000, -3.862, 305.541, -3.861
73.396, -43.024, -1.320, 312.459, -3.975, 77.423, -43.871, -1.326, 300.000, -3.829, 305.459, -3.828
73.466, -43.330, -1.323, 313.735, -3.949, 77.489, -44.164, -1.330, 300.000, -3.796, 305.374, -3.795
73.534, -43.632, -1.327, 309.909, -3.896, 77.553, -44.457, -1.334, 300.000, -3.763, 305.301, -3.762
73.599, -43.927, -1.331, 302.257, -3.812, 77.617, -44.750, -1.338, 300.000, -3.730, 305.252, -3.729
73.665, -44.231, -1.335, 311.184, -3.719, 77.679, -45.044, -1.341, 300.000, -3.697, 305.176, -3.696
73.729, -44.532, -1.339, 307.358, -3.625, 77.740, -45.338, -1.345, 300.000, -3.664, 305.113, -3.663
73.791, -44.825, -1.342, 299.706, -3.543, 77.801, -45.631, -1.349, 300.000, -3.631, 305.074, -3.630
73.853, -45.128, -1.346, 308.633, -3.484, 77.860, -45.926, -1.352, 300.000, -3.598, 305.008, -3.597
73.914, -45.433, -1.349, 311.184, -3.442, 77.918, -46.220, -1.356, 300.000, -3.565, 304.936, -3.564
73.973, -45.729, -1.353, 302.257, -3.428, 77.975, -46.514, -1.359, 300.000, -3.532, 304.890, -3.531
74.033, -46.033, -1.356, 309.909, -3.427, 78.031, -46.809, -1.363, 300.000, -3.499, 304.822, -3.498
74.093, -46.350, -1.360, 322.662, -3.424, 78.086, -47.104, -1.366, 300.000, -3.466, 304.715, -3.465
74.150, -46.654, -1.363, 308.633, -3.429, 78.139, -47.399, -1.370, 300.000, -3.433, 304.650, -3.432
74.206, -46.953, -1.366, 304.807, -3.405, 78.192, -47.695, -1.373, 300.000, -3.400, 304.597, -3.399
74.262, -47.263, -1.370, 315.010, -3.363, 78.244, -47.990, -1.377, 300.000, -3.367, 304.514, -3.366
74.318, -47.580, -1.373, 321.387, -3.310, 78.295, -48.286, -1.380, 300.000, -3.334, 304.412, -3.333
74.372, -47.888, -1.376, 312.459, -3.282, 78.345, -48.581, -1.383, 300.000, -3.301, 304.338, -3.300
74.423, -48.189, -1.380, 306.083, -3.282, 78.394, -48.877, -1.387, 300.000, -3.268, 304.282, -3.267
74.476, -48.502, -1.383, 317.561, -3.293, 78.442, -49.174, -1.390, 300.000, -3.236, 304.192, -3.234
74.526, -48.810, -1.386, 311.184, -3.299, 78.489, -49.470, -1.393, 300.000, -3.203, 304.121, -3.201
74.577, -49.128, -1.390, 322.662, -3.310, 78.535, -49.766, -1.396, 300.000, -3.170, 304.016, -3.168
74.627, -49.443, -1.393, 318.836, -3.336, 78.580, -50.063, -1.400, 300.000, -3.137, 303.922, -3.135
74.674, -49.754, -1.396, 315.010, -3.358, 78.624, -50.360, -1.403, 300.000, -3.104, 303.839, -3.102
74.720, -50.057, -1.400, 306.083, -3.369, 78.667, -50.657, -1.406, 300.000, -3.071, 303.783, -3.069
74.764, -50.357, -1.403, 303.532, -3.343, 78.710, -50.954, -1.409, 300.000, -3.038, 303.735, -3.036
74.807, -50.657, -1.406, 302.257, -3.320, 78.751, -51.251, -1.412, 300.000, -3.005, 303.691, -3.003
74.849, -50.957, -1.410, 303.532, -3.237, 78.792, -51.548, -1.415, 300.000, -2.972, 303.643, -2.970
74.891, -51.266, -1.413, 311.184, -3.125, 78.831, -51.845, -1.418, 300.000, -2.939, 303.574, -2.937
74.933, -51.579, -1.416, 316.285, -3.004, 78.870, -52.143, -1.421, 300.000, -2.906, 303.490, -2.904
74.974, -51.889, -1.419, 312.459, -2.881, 78.908, -52.440, -1.424, 300.000, -2.873, 303.419, -2.871
75.014, -52.200, -1.422, 313.735, -2.798, 78.945, -52.738, -1.426, 300.000, -2.840, 303.346, -2.838
75.053, -52.519, -1.424, 321.387, -2.699, 78.981, -53.036, -1.429, 300.000, -2.807, 303.250, -2.805
75.091, -52.825, -1.427, 308.633, -2.590, 79.017, -53.334, -1.432, 300.000, -2.774, 303.193, -2.772
75.128, -53.132, -1.430, 308.633, -2.491, 79.051, -53.632, -1.435, 300.000, -2.741, 303.138, -2.739
75.164, -53.445, -1.432, 315.010, -2.404, 79.085, -53.930, -1.437, 300.000, -2.708, 303.064, -2.706
75.199, -53.742, -1.434, 299.706, -2.373, 79.118, -54.228, -1.440, 300.000, -2.675, 303.037, -2.673
75.233, -54.048, -1.437, 307.358, -2.391, 79.150, -54.526, -1.443, 300.000, -2.642, 302.987, -2.640
75.267, -54.360, -1.439, 313.735, -2.469, 79.181, -54.825, -1.445, 300.000, -2.609, 302.918, -2.607
75.301, -54.669, -1.442, 311.184, -2.582, 79.212, -55.123, -1.448, 300.000, -2.576, 302.855, -2.575
75.333, -54.980, -1.444, 312.459, -2.694, 79.242, -55.422, -1.451, 300.000, -2.543, 302.788, -2.542
75.365, -55.287, -1.447, 308.633, -2.754, 79.271, -55.720, -1.453, 300.000, -2.510, 302.731, -2.508
75.396, -55.600, -1.450, 315.010, -2.771, 79.299, -56.019, -1.456, 300.000, -2.477, 302.654, -2.475
75.425, -55.904, -1.453, 304.807, -2.723, 79.326, -56.318, -1.458, 300.000, -2.444, 302.609, -2.442
75.454, -56.212, -1.455, 309.909, -2.628, 79.353, -56.616, -1.461, 300.000, -2.411, 302.549, -2.409
75.482, -56.525, -1.458, 313.735, -2.528, 79.379, -56.915, -1.463, 300.000, -2.378, 302.478, -2.376
75.508, -56.816, -1.460, 292.054, -2.433, 79.405, -57.214, -1.465, 300.000, -2.345, 302.473, -2.343
75.535, -57.128, -1.463, 313.735, -2.365, 79.429, -57.513, -1.468, 300.000, -2.312, 302.405, -2.310
75.561, -57.438, -1.465, 311.184, -2.311, 79.453, -57.812, -1.470, 300.000, -2.279, 302.344, -2.277
75.586, -57.741, -1.467, 303.532, -2.263, 79.477, -58.111, -1.472, 300.000, -2.246, 302.307, -2.244
75.610, -58.045, -1.470, 304.807, -2.234, 79.499, -58.410, -1.474, 300.000, -2.213, 302.267, -2.211
75.633, -58.349, -1.472, 304.807, -2.205, 79.521, -58.710, -1.477, 300.000, -2.180, 302.227, -2.178
75.656, -58.651, -1.474, 303.532, -2.176, 79.543, -59.009, -1.479, 300.000, -2.147, 302.191, -2.145
75.678, -58.953, -1.476, 302.257, -2.140, 79.563, -59.308, -1.481, 300.000, -2.114, 302.160, -2.112
75.700, -59.257, -1.478, 304.807, -2.106, 79.583, -59.608, -1.483, 300.000, -2.081, 302.121, -2.079
75.721, -59.563, -1.480, 307.358, -2.064, 79.603, -59.907, -1.485, 300.000, -2.048, 302.075, -2.046
75.741, -59.870, -1.482, 307.358, -2.013, 79.622, -60.206, -1.487, 300.000, -2.015, 302.029, -2.013
75.761, -60.182, -1.484, 312.459, -1.990, 79.640, -60.506, -1.489, 300.000, -1.983, 301.969, -1.980
75.780, -60.489, -1.486, 307.358, -1.961, 79.657, -60.805, -1.491, 300.000, -1.950, 301.924, -1.947
75.799, -60.795, -1.488, 307.358, -1.946, 79.674, -61.105, -1.493, 300.000, -1.917, 301.879, -1.915
75.816, -61.091, -1.490, 295.880, -1.902, 79.691, -61.404, -1.495, 300.000, -1.884, 301.869, -1.882
75.834, -61.396, -1.492, 306.083, -1.843, 79.707, -61.704, -1.497, 300.000, -1.851, 301.829, -1.849
75.850, -61.698, -1.494, 302.257, -1.791, 79.722, -62.003, -1.499, 300.000, -1.818, 301.802, -1.816
75.866, -61.997, -1.496, 299.706, -1.756, 79.737, -62.303, -1.500, 300.000, -1.785, 301.782, -1.783
75.882, -62.307, -1.497, 309.909, -1.754, 79.751, -62.603, -1.502, 300.000, -1.752, 301.732, -1.750
75.897, -62.604, -1.499, 297.155, -1.765, 79.765, -62.902, -1.504, 300.000, -1.719, 301.720, -1.717
75.911, -62.911, -1.501, 307.358, -1.774, 79.778, -63.202, -1.506, 300.000, -1.686, 301.678, -1.684
75.926, -63.222, -1.503, 311.184, -1.774, 79.791, -63.502, -1.507, 300.000, -1.653, 301.624, -1.651
75.939, -63.529, -1.505, 307.358, -1.743, 79.803, -63.802, -1.509, 300.000, -1.620, 301.582, -1.618
75.953, -63.847, -1.506, 318.836, -1.706, 79.815, -64.101, -1.511, 300.000, -1.587, 301.505, -1.585
75.965, -64.149, -1.508, 302.257, -1.655, 79.826, -64.401, -1.512, 300.000, -1.554, 301.479, -1.552
75.977, -64.460, -1.510, 311.184, -1.596, 79.837, -64.701, -1.514, 300.000, -1.521, 301.427, -1.519
75.989, -64.772, -1.511, 312.459, -1.540, 79.847, -65.001, -1.515, 300.000, -1.488, 301.372, -1.486
76.000, -65.078, -1.513, 306.083, -1.520, 79.857, -65.301, -1.517, 300.000, -1.455, 301.336, -1.453
76.011, -65.393, -1.514, 315.010, -1.503, 79.867, -65.601, -1.518, 300.000, -1.422, 301.273, -1.420
76.021, -65.698, -1.516, 304.807, -1.477, 79.876, -65.900, -1.519, 300.000, -1.389, 301.242, -1.387
76.031, -66.000, -1.517, 302.257, -1.422, 79.884, -66.200, -1.521, 300.000, -1.356, 301.218, -1.354
76.040, -66.311, -1.519, 311.184, -1.363, 79.892, -66.500, -1.522, 300.000, -1.323, 301.169, -1.321
76.049, -66.621, -1.520, 309.909, -1.315, 79.900, -66.800, -1.523, 300.000, -1.290, 301.124, -1.288
76.058, -66.930, -1.521, 309.909, -1.284, 79.908, -67.100, -1.525, 300.000, -1.257, 301.079, -1.255
76.066, -67.244, -1.522, 313.735, -1.289, 79.915, -67.400, -1.526, 300.000, -1.224, 301.023, -1.222
76.074, -67.546, -1.524, 302.257, -1.295, 79.921, -67.700, -1.527, 300.000, -1.191, 301.001, -1.189
76.081, -67.864, -1.525, 317.561, -1.272, 79.928, -68.000, -1.528, 300.000, -1.158, 300.934, -1.156
76.088, -68.177, -1.526, 313.735, -1.238, 79.934, -68.300, -1.529, 300.000, -1.125, 300.878, -1.123
76.095, -68.487, -1.527, 309.909, -1.187, 79.939, -68.600, -1.531, 300.000, -1.092, 300.835, -1.090
76.101, -68.796, -1.529, 308.633, -1.136, 79.945, -68.900, -1.532, 300.000, -1.059, 300.795, -1.057
76.107, -69.099, -1.530, 303.532, -1.069, 79.950, -69.200, -1.533, 300.000, -1.026, 300.772, -1.024
76.113, -69.413, -1.531, 313.735, -1.005, 79.954, -69.499, -1.534, 300.000, -0.993, 300.719, -0.991
76.118, -69.710, -1.532, 297.155, -0.973, 79.959, -69.799, -1.535, 300.000, -0.960, 300.716, -0.958
76.123, -70.017, -1.533, 307.358, -0.957, 79.963, -70.099, -1.536, 300.000, -0.927, 300.683, -0.925
76.127, -70.316, -1.534, 298.431, -0.952, 79.966, -70.399, -1.537, 300.000, -0.894, 300.677, -0.892
76.131, -70.622, -1.535, 306.083, -0.915, 79.970, -70.699, -1.537, 300.000, -0.861, 300.648, -0.859
76.135, -70.929, -1.536, 307.358, -0.869, 79.973, -70.999, -1.538, 300.000, -0.828, 300.615, -0.826
76.139, -71.237, -1.536, 307.358, -0.826, 79.976, -71.299, -1.539, 300.000, -0.795, 300.583, -0.793
76.143, -71.544, -1.537, 307.358, -0.849, 79.979, -71.599, -1.540, 300.000, -0.763, 300.552, -0.760
76.146, -71.850, -1.538, 306.083, -0.882, 79.982, -71.899, -1.541, 300.000, -0.730, 300.524, -0.727
76.149, -72.155, -1.539, 304.807, -0.888, 79.984, -72.199, -1.541, 300.000, -0.697, 300.499, -0.694
76.152, -72.467, -1.540, 312.459, -0.841, 79.986, -72.499, -1.542, 300.000, -0.664, 300.452, -0.661
76.154, -72.771, -1.541, 303.532, -0.763, 79.988, -72.799, -1.543, 300.000, -0.631, 300.432, -0.628
76.157, -73.086, -1.541, 315.010, -0.697, 79.990, -73.099, -1.543, 300.000, -0.598, 300.379, -0.595
76.159, -73.387, -1.542, 300.981, -0.663, 79.992, -73.399, -1.544, 300.000, -0.565, 300.368, -0.562
76.161, -73.700, -1.543, 313.735, -0.631, 79.993, -73.699, -1.544, 300.000, -0.532, 300.319, -0.529
76.162, -74.009, -1.543, 308.633, -0.594, 79.994, -73.999, -1.545, 300.000, -0.499, 300.286, -0.496
76.164, -74.327, -1.544, 317.561, -0.541, 79.995, -74.299, -1.545, 300.000, -0.466, 300.227, -0.463
76.165, -74.633, -1.544, 306.083, -0.489, 79.996, -74.599, -1.546, 300.000, -0.433, 300.203, -0.430
76.167, -74.946, -1.545, 313.735, -0.441, 79.997, -74.899, -1.546, 300.000, -0.400, 300.157, -0.397
76.168, -75.252, -1.545, 306.083, -0.421, 79.998, -75.199, -1.547, 300.000, -0.367, 300.133, -0.364
76.169, -75.560, -1.546, 307.358, -0.410, 79.998, -75.499, -1.547, 300.000, -0.334, 300.107, -0.331
76.170, -75.868, -1.546, 308.633, -0.395, 79.999, -75.799, -1.547, 300.000, -0.301, 300.076, -0.298
76.170, -76.172, -1.546, 303.532, -0.368, 79.999, -76.099, -1.548, 300.000, -0.268, 300.061, -0.265
76.171, -76.482, -1.547, 309.909, -0.320, 80.000, -76.399, -1.548, 300.000, -0.235, 300.027, -0.232
76.171, -76.792, -1.547, 309.909, -0.303, 80.000, -76.699, -1.548, 300.000, -0.202, 299.994, -0.199
76.172, -77.098, -1.547, 306.083, -0.292, 80.000, -76.999, -1.548, 300.000, -0.169, 299.972, -0.166
76.172, -77.401, -1.548, 303.532, -0.283, 80.000, -77.299, -1.548, 300.000, -0.137, 299.959, -0.134
76.172, -77.714, -1.548, 312.459, -0.272, 80.000, -77.599, -1.549, 300.000, -0.108, 299.918, -0.105
76.173, -78.024, -1.548, 309.909, -0.246, 80.000, -77.899, -1.549, 300.000, -0.083, 299.885, -0.080
76.173, -78.340, -1.548, 316.285, -0.202, 80.000, -78.199, -1.549, 300.000, -0.061, 299.834, -0.058
76.173, -78.647, -1.549, 307.358, -0.167, 80.000, -78.499, -1.549, 300.000, -0.042, 299.810, -0.039
76.173, -78.964, -1.549, 316.285, -0.158, 80.000, -78.799, -1.549, 300.000, -0.027, 299.759, -0.024
76.173, -79.275, -1.549, 311.184, -0.154, 80.000, -79.099, -1.549, 300.000, -0.015, 299.724, -0.012
76.173, -79.589, -1.549, 313.735, -0.139, 80.000, -79.399, -1.549, 300.000, -0.007, 299.681, -0.003
76.172, -79.895, -1.549, 306.083, -0.104, 80.000, -79.699, -1.549, 300.000, -0.002, 299.661, 0.002
76.172, -80.208, -1.549, 313.735, -0.080, 80.000, -79.999, -1.549, 300.000, -0.000, 299.619, 0.004
76.172, -80.513, -1.549, 304.807, -0.069, 80.000, -80.299, -1.549, 300.000, 0.000, 299.604, 0.004
76.172, -80.828, -1.549, 315.010, -0.061, 80.000, -80.599, -1.549, 300.000, 0.000, 299.558, 0.004
76.172, -81.137, -1.550, 308.633, -0.048, 80.000, -80.899, -1.549, 300.000, 0.000, 299.532, 0.004
76.171, -81.453, -1.550, 316.285, -0.030, 80.000, -81.199, -1.549, 300.000, 0.000, 299.482, 0.004
76.171, -81.776, -1.550, 322.662, -0.021, 80.000, -81.499, -1.549, 300.000, 0.000, 299.414, 0.004
76.171, -82.090, -1.550, 313.735, -0.007, 80.000, -81.799, -1.549, 300.000, 0.000, 299.373, 0.004
76.171, -82.407, -1.550, 317.561, 0.019, 80.000, -82.099, -1.549, 300.000, 0.000, 299.320, 0.004
76.170, -82.731, -1.550, 323.938, 0.050, 80.000, -82.399, -1.549, 300.000, 0.000, 299.249, 0.004
76.170, -83.055, -1.550, 323.938, 0.072, 80.000, -82.699, -1.549, 300.000, 0.000, 299.178, 0.004
76.170, -83.371, -1.549, 316.285, 0.088, 80.000, -82.999, -1.549, 300.000, 0.000, 299.130, 0.004
76.170, -83.695, -1.549, 323.938, 0.117, 80.000, -83.299, -1.549, 300.000, 0.000, 299.059, 0.004
76.170, -84.008, -1.549, 312.459, 0.174, 80.000, -83.599, -1.549, 300.000, 0.000, 299.024, 0.004
76.170, -84.320, -1.549, 312.459, 0.213, 80.000, -83.899, -1.549, 300.000, 0.000, 298.988, 0.004
76.170, -84.621, -1.549, 300.981, 0.213, 80.000, -84.199, -1.549, 300.000, 0.000, 298.988, 0.003
76.170, -84.927, -1.549, 306.083, 0.195, 80.000, -84.499, -1.549, 300.000, 0.000, 298.972, 0.003
76.170, -85.235, -1.548, 307.358, 0.181, 80.000, -84.799, -1.549, 300.000, 0.000, 298.952, 0.003
76.170, -85.536, -1.548, 300.981, 0.166, 80.000, -85.099, -1.549, 300.000, 0.000, 298.951, 0.003
76.170, -85.847, -1.548, 311.184, 0.161, 80.000, -85.399, -1.549, 300.000, 0.000, 298.919, 0.003
76.171, -86.169, -1.548, 322.662, 0.147, 80.000, -85.699, -1.549, 300.000, 0.000, 298.853, 0.003
76.171, -86.490, -1.548, 320.111, 0.146, 80.000, -85.999, -1.549, 300.000, 0.000, 298.794, 0.003
76.171, -86.807, -1.548, 317.561, 0.130, 80.000, -86.299, -1.549, 300.000, 0.000, 298.743, 0.003
76.172, -87.121, -1.547, 313.735, 0.120, 80.000, -86.599, -1.549, 300.000, 0.000, 298.704, 0.003
76.172, -87.432, -1.547, 311.184, 0.107, 80.000, -86.899, -1.549, 300.000, 0.000, 298.671, 0.003
76.173, -87.719, -1.547, 286.952, 0.084, 80.000, -87.199, -1.549, 300.000, 0.000, 298.711, 0.003
76.173, -88.000, -1.547, 280.576, 0.029, 80.000, -87.499, -1.549, 300.000, 0.000, 298.770, 0.003
76.174, -88.272, -1.547, 272.924, -0.078, 80.000, -87.799, -1.549, 300.000, 0.000, 298.851, 0.003
76.174, -88.534, -1.547, 261.446, -0.191, 80.000, -88.099, -1.549, 300.000, 0.000, 298.965, 0.003
76.174, -88.812, -1.548, 278.025, -0.276, 80.000, -88.399, -1.549, 300.000, 0.000, 299.029, 0.003
76.175, -89.107, -1.548, 294.605, -0.337, 80.000, -88.699, -1.549, 300.000, 0.000, 299.041, 0.003
76.175, -89.410, -1.548, 303.532, -0.383, 80.000, -88.999, -1.549, 300.000, 0.000, 299.027, 0.003
76.175, -89.726, -1.549, 316.285, -0.393, 80.000, -89.299, -1.549, 300.000, 0.000, 298.973, 0.003
76.175, -90.038, -1.549, 311.184, -0.376, 80.000, -89.599, -1.549, 300.000, 0.000, 298.935, 0.004
76.174, -90.341, -1.549, 303.532, -0.344, 80.000, -89.899, -1.549, 300.000, 0.000, 298.921, 0.004
76.174, -90.627, -1.550, 285.677, -0.301, 80.000, -90.199, -1.549, 300.000, 0.000, 298.960, 0.004
76.174, -90.910, -3.121, 283.126, -0.302, 80.000, -90.499, -3.120, 300.000, 0.000, 288.497, 0.000